mode,tick,unique_count
destroy,60,0
destroy,120,0
destroy,180,0
destroy,240,0
destroy,300,0
destroy,360,0
destroy,420,0
destroy,480,0
destroy,540,0
destroy,600,0
destroy,660,0
destroy,720,0
destroy,780,0
destroy,840,0
destroy,900,0
destroy,960,0
destroy,1020,0
destroy,1080,0
destroy,1140,0
destroy,1200,0
destroy,1260,0
destroy,1320,0
destroy,1380,0
destroy,1440,0
destroy,1500,0
destroy,1560,0
destroy,1620,0
destroy,1680,0
destroy,1740,0
destroy,1800,0
destroy,1860,0
destroy,1920,0
destroy,1980,0
destroy,2040,0
destroy,2100,0
destroy,2160,0
destroy,2220,0
destroy,2280,0
destroy,2340,0
destroy,2400,0
destroy,2460,0
destroy,2520,0
destroy,2580,0
destroy,2640,0
destroy,2700,0
destroy,2760,0
destroy,2820,0
destroy,2880,0
destroy,2940,0
destroy,3000,0
destroy,3060,0
destroy,3120,0
destroy,3180,0
destroy,3240,0
destroy,3300,0
destroy,3360,0
destroy,3420,0
destroy,3480,0
destroy,3540,0
destroy,3600,0
destroy,3660,0
destroy,3720,0
destroy,3780,0
destroy,3840,0
destroy,3900,0
destroy,3960,0
destroy,4020,0
destroy,4080,0
destroy,4140,0
destroy,4200,0
destroy,4260,0
destroy,4320,0
destroy,4380,0
destroy,4440,0
destroy,4500,0
destroy,4560,0
destroy,4620,0
destroy,4680,0
destroy,4740,0
destroy,4800,0
destroy,4860,0
destroy,4920,0
destroy,4980,0
destroy,5040,0
destroy,5100,0
destroy,5160,0
destroy,5220,0
destroy,5280,0
destroy,5340,0
destroy,5400,0
destroy,5460,0
destroy,5520,0
destroy,5580,0
destroy,5640,0
destroy,5700,0
destroy,5760,0
destroy,5820,0
destroy,5880,0
destroy,5940,0
destroy,6000,0
destroy,6060,0
destroy,6120,0
destroy,6180,0
destroy,6240,0
destroy,6300,0
destroy,6360,0
destroy,6420,0
destroy,6480,0
destroy,6540,0
destroy,6600,0
destroy,6660,0
destroy,6720,0
destroy,6780,0
destroy,6840,0
destroy,6900,0
destroy,6960,0
destroy,7020,0
destroy,7080,0
destroy,7140,0
destroy,7200,0
destroy,7260,0
destroy,7320,0
destroy,7380,0
destroy,7440,0
destroy,7500,0
destroy,7560,0
destroy,7620,0
destroy,7680,0
destroy,7740,0
destroy,7800,0
destroy,7860,0
destroy,7920,0
destroy,7980,0
destroy,8040,0
destroy,8100,0
destroy,8160,0
destroy,8220,0
destroy,8280,0
destroy,8340,0
destroy,8400,0
destroy,8460,0
destroy,8520,0
destroy,8580,0
destroy,8640,0
destroy,8700,0
destroy,8760,0
destroy,8820,0
destroy,8880,0
destroy,8940,0
destroy,9000,0
destroy,9060,0
destroy,9120,0
destroy,9180,0
destroy,9240,0
destroy,9300,0
destroy,9360,0
destroy,9420,0
destroy,9480,0
destroy,9540,0
destroy,9600,0
destroy,9660,0
destroy,9720,0
destroy,9780,0
destroy,9840,0
destroy,9900,0
destroy,9960,0
destroy,10020,0
destroy,10080,0
destroy,10140,0
destroy,10200,0
destroy,10260,0
destroy,10320,0
destroy,10380,0
destroy,10440,0
destroy,10500,0
destroy,10560,0
destroy,10620,0
destroy,10680,0
destroy,10740,0
destroy,10800,0
destroy,10860,0
destroy,10920,0
destroy,10980,0
destroy,11040,0
destroy,11100,0
destroy,11160,0
destroy,11220,0
destroy,11280,0
destroy,11340,0
destroy,11400,0
destroy,11460,0
destroy,11520,0
destroy,11580,0
destroy,11640,0
destroy,11700,0
destroy,11760,0
destroy,11820,0
destroy,11880,0
destroy,11940,0
destroy,12000,0
destroy,12060,0
destroy,12120,0
destroy,12180,0
destroy,12240,0
destroy,12300,0
destroy,12360,0
destroy,12420,0
destroy,12480,0
destroy,12540,0
destroy,12600,0
destroy,12660,0
destroy,12720,0
destroy,12780,0
destroy,12840,0
destroy,12900,0
destroy,12960,0
destroy,13020,0
destroy,13080,0
destroy,13140,0
destroy,13200,0
destroy,13260,0
destroy,13320,0
destroy,13380,0
destroy,13440,0
destroy,13500,0
destroy,13560,0
destroy,13620,0
destroy,13680,0
destroy,13740,0
destroy,13800,0
destroy,13860,0
destroy,13920,0
destroy,13980,0
destroy,14040,0
destroy,14100,0
destroy,14160,0
destroy,14220,0
destroy,14280,0
destroy,14340,0
destroy,14400,0
destroy,14460,0
destroy,14520,0
destroy,14580,0
destroy,14640,0
destroy,14700,0
destroy,14760,0
destroy,14820,0
destroy,14880,0
destroy,14940,0
destroy,15000,0
destroy,15060,0
destroy,15120,0
destroy,15180,0
destroy,15240,0
destroy,15300,0
destroy,15360,0
destroy,15420,0
destroy,15480,0
destroy,15540,0
destroy,15600,0
destroy,15660,0
destroy,15720,0
destroy,15780,0
destroy,15840,0
destroy,15900,0
destroy,15960,0
destroy,16020,0
destroy,16080,0
destroy,16140,0
destroy,16200,0
destroy,16260,0
destroy,16320,0
destroy,16380,0
destroy,16440,0
destroy,16500,0
destroy,16560,0
destroy,16620,0
destroy,16680,0
destroy,16740,0
destroy,16800,0
destroy,16860,0
destroy,16920,0
destroy,16980,0
destroy,17040,0
destroy,17100,0
destroy,17160,0
destroy,17220,0
destroy,17280,0
destroy,17340,0
destroy,17400,0
destroy,17460,0
destroy,17520,0
destroy,17580,0
destroy,17640,0
destroy,17700,0
destroy,17760,0
destroy,17820,0
destroy,17880,0
destroy,17940,0
destroy,18000,0
destroy,18060,0
destroy,18120,0
destroy,18180,0
destroy,18240,0
destroy,18300,0
destroy,18360,0
destroy,18420,0
destroy,18480,0
destroy,18540,0
destroy,18600,0
destroy,18660,0
destroy,18720,0
destroy,18780,0
destroy,18840,0
destroy,18900,0
destroy,18960,0
destroy,19020,0
destroy,19080,0
destroy,19140,0
destroy,19200,0
destroy,19260,0
destroy,19320,0
destroy,19380,0
destroy,19440,0
destroy,19500,0
destroy,19560,0
destroy,19620,0
destroy,19680,0
destroy,19740,0
destroy,19800,0
destroy,19860,0
destroy,19920,0
destroy,19980,0
destroy,20040,0
destroy,20100,0
destroy,20160,0
destroy,20220,0
destroy,20280,0
destroy,20340,0
destroy,20400,0
destroy,20460,0
destroy,20520,0
destroy,20580,0
destroy,20640,0
destroy,20700,0
destroy,20760,0
destroy,20820,0
destroy,20880,0
destroy,20940,0
destroy,21000,0
destroy,21060,0
destroy,21120,0
destroy,21180,0
destroy,21240,0
destroy,21300,0
destroy,21360,0
destroy,21420,0
destroy,21480,0
destroy,21540,0
destroy,21600,0
destroy,21660,0
destroy,21720,0
destroy,21780,0
destroy,21840,0
destroy,21900,0
destroy,21960,0
destroy,22020,0
destroy,22080,0
destroy,22140,0
destroy,22200,0
destroy,22260,0
destroy,22320,0
destroy,22380,0
destroy,22440,0
destroy,22500,0
destroy,22560,0
destroy,22620,0
destroy,22680,0
destroy,22740,0
destroy,22800,0
destroy,22860,0
destroy,22920,0
destroy,22980,0
destroy,23040,0
destroy,23100,0
destroy,23160,0
destroy,23220,0
destroy,23280,0
destroy,23340,0
destroy,23400,0
destroy,23460,0
destroy,23520,0
destroy,23580,0
destroy,23640,0
destroy,23700,0
destroy,23760,0
destroy,23820,0
destroy,23880,0
destroy,23940,0
destroy,24000,0
destroy,24060,0
destroy,24120,0
destroy,24180,0
destroy,24240,0
destroy,24300,0
destroy,24360,0
destroy,24420,0
destroy,24480,0
destroy,24540,0
destroy,24600,0
destroy,24660,0
destroy,24720,0
destroy,24780,0
destroy,24840,0
destroy,24900,0
destroy,24960,0
destroy,25020,0
destroy,25080,0
destroy,25140,0
destroy,25200,0
destroy,25260,0
destroy,25320,0
destroy,25380,0
destroy,25440,0
destroy,25500,0
destroy,25560,0
destroy,25620,0
destroy,25680,0
destroy,25740,0
destroy,25800,0
destroy,25860,0
destroy,25920,0
destroy,25980,0
destroy,26040,0
destroy,26100,0
destroy,26160,0
destroy,26220,0
destroy,26280,0
destroy,26340,0
destroy,26400,0
destroy,26460,0
destroy,26520,0
destroy,26580,0
destroy,26640,0
destroy,26700,0
destroy,26760,0
destroy,26820,0
destroy,26880,0
destroy,26940,0
destroy,27000,0
destroy,27060,0
destroy,27120,0
destroy,27180,0
destroy,27240,0
destroy,27300,0
destroy,27360,0
destroy,27420,0
destroy,27480,0
destroy,27540,0
destroy,27600,0
destroy,27660,0
destroy,27720,0
destroy,27780,0
destroy,27840,0
destroy,27900,0
destroy,27960,0
destroy,28020,0
destroy,28080,0
destroy,28140,0
destroy,28200,0
destroy,28260,0
destroy,28320,0
destroy,28380,0
destroy,28440,0
destroy,28500,0
destroy,28560,0
destroy,28620,0
destroy,28680,0
destroy,28740,0
destroy,28800,0
destroy,28860,0
destroy,28920,0
destroy,28980,0
destroy,29040,0
destroy,29100,0
destroy,29160,0
destroy,29220,0
destroy,29280,0
destroy,29340,0
destroy,29400,0
destroy,29460,0
destroy,29520,0
destroy,29580,0
destroy,29640,0
destroy,29700,0
destroy,29760,0
destroy,29820,0
destroy,29880,0
destroy,29940,0
destroy,30000,0
destroy,30060,0
destroy,30120,0
destroy,30180,0
destroy,30240,0
transfer,60,5
transfer,120,5
transfer,180,5
transfer,240,5
transfer,300,5
transfer,360,5
transfer,420,5
transfer,480,5
transfer,540,5
transfer,600,5
transfer,660,5
transfer,720,5
transfer,780,5
transfer,840,5
transfer,900,5
transfer,960,5
transfer,1020,5
transfer,1080,5
transfer,1140,5
transfer,1200,5
transfer,1260,5
transfer,1320,5
transfer,1380,5
transfer,1440,5
transfer,1500,5
transfer,1560,5
transfer,1620,5
transfer,1680,5
transfer,1740,5
transfer,1800,5
transfer,1860,5
transfer,1920,5
transfer,1980,5
transfer,2040,5
transfer,2100,5
transfer,2160,5
transfer,2220,5
transfer,2280,5
transfer,2340,5
transfer,2400,5
transfer,2460,5
transfer,2520,5
transfer,2580,5
transfer,2640,5
transfer,2700,5
transfer,2760,5
transfer,2820,5
transfer,2880,5
transfer,2940,5
transfer,3000,5
transfer,3060,5
transfer,3120,5
transfer,3180,5
transfer,3240,5
transfer,3300,5
transfer,3360,5
transfer,3420,5
transfer,3480,5
transfer,3540,5
transfer,3600,5
transfer,3660,5
transfer,3720,5
transfer,3780,5
transfer,3840,5
transfer,3900,5
transfer,3960,5
transfer,4020,5
transfer,4080,5
transfer,4140,5
transfer,4200,5
transfer,4260,5
transfer,4320,5
transfer,4380,5
transfer,4440,5
transfer,4500,5
transfer,4560,5
transfer,4620,5
transfer,4680,5
transfer,4740,5
transfer,4800,5
transfer,4860,5
transfer,4920,5
transfer,4980,5
transfer,5040,5
transfer,5100,5
transfer,5160,5
transfer,5220,5
transfer,5280,5
transfer,5340,5
transfer,5400,5
transfer,5460,5
transfer,5520,5
transfer,5580,5
transfer,5640,5
transfer,5700,5
transfer,5760,5
transfer,5820,5
transfer,5880,5
transfer,5940,5
transfer,6000,5
transfer,6060,5
transfer,6120,5
transfer,6180,5
transfer,6240,5
transfer,6300,5
transfer,6360,5
transfer,6420,5
transfer,6480,5
transfer,6540,5
transfer,6600,5
transfer,6660,5
transfer,6720,5
transfer,6780,5
transfer,6840,5
transfer,6900,5
transfer,6960,5
transfer,7020,5
transfer,7080,5
transfer,7140,5
transfer,7200,5
transfer,7260,5
transfer,7320,5
transfer,7380,5
transfer,7440,5
transfer,7500,5
transfer,7560,5
transfer,7620,5
transfer,7680,5
transfer,7740,5
transfer,7800,5
transfer,7860,5
transfer,7920,5
transfer,7980,5
transfer,8040,5
transfer,8100,5
transfer,8160,5
transfer,8220,5
transfer,8280,5
transfer,8340,5
transfer,8400,5
transfer,8460,5
transfer,8520,5
transfer,8580,5
transfer,8640,5
transfer,8700,5
transfer,8760,5
transfer,8820,5
transfer,8880,5
transfer,8940,5
transfer,9000,5
transfer,9060,5
transfer,9120,5
transfer,9180,5
transfer,9240,5
transfer,9300,5
transfer,9360,5
transfer,9420,5
transfer,9480,5
transfer,9540,5
transfer,9600,5
transfer,9660,5
transfer,9720,5
transfer,9780,5
transfer,9840,5
transfer,9900,5
transfer,9960,5
transfer,10020,5
transfer,10080,5
transfer,10140,5
transfer,10200,5
transfer,10260,5
transfer,10320,5
transfer,10380,5
transfer,10440,5
transfer,10500,5
transfer,10560,5
transfer,10620,5
transfer,10680,5
transfer,10740,5
transfer,10800,5
transfer,10860,5
transfer,10920,5
transfer,10980,5
transfer,11040,5
transfer,11100,5
transfer,11160,5
transfer,11220,5
transfer,11280,5
transfer,11340,5
transfer,11400,5
transfer,11460,5
transfer,11520,5
transfer,11580,5
transfer,11640,5
transfer,11700,5
transfer,11760,5
transfer,11820,5
transfer,11880,5
transfer,11940,5
transfer,12000,5
transfer,12060,5
transfer,12120,5
transfer,12180,5
transfer,12240,5
transfer,12300,5
transfer,12360,5
transfer,12420,5
transfer,12480,5
transfer,12540,5
transfer,12600,5
transfer,12660,5
transfer,12720,5
transfer,12780,5
transfer,12840,5
transfer,12900,5
transfer,12960,5
transfer,13020,5
transfer,13080,5
transfer,13140,5
transfer,13200,5
transfer,13260,5
transfer,13320,5
transfer,13380,5
transfer,13440,5
transfer,13500,5
transfer,13560,5
transfer,13620,5
transfer,13680,5
transfer,13740,5
transfer,13800,5
transfer,13860,5
transfer,13920,5
transfer,13980,5
transfer,14040,5
transfer,14100,5
transfer,14160,5
transfer,14220,5
transfer,14280,5
transfer,14340,5
transfer,14400,5
transfer,14460,5
transfer,14520,5
transfer,14580,5
transfer,14640,5
transfer,14700,5
transfer,14760,5
transfer,14820,5
transfer,14880,5
transfer,14940,5
transfer,15000,5
transfer,15060,5
transfer,15120,5
transfer,15180,5
transfer,15240,5
transfer,15300,5
transfer,15360,5
transfer,15420,5
transfer,15480,5
transfer,15540,5
transfer,15600,5
transfer,15660,5
transfer,15720,5
transfer,15780,5
transfer,15840,5
transfer,15900,5
transfer,15960,5
transfer,16020,5
transfer,16080,5
transfer,16140,5
transfer,16200,5
transfer,16260,5
transfer,16320,5
transfer,16380,5
transfer,16440,5
transfer,16500,5
transfer,16560,5
transfer,16620,5
transfer,16680,5
transfer,16740,5
transfer,16800,5
transfer,16860,5
transfer,16920,5
transfer,16980,5
transfer,17040,5
transfer,17100,5
transfer,17160,5
transfer,17220,5
transfer,17280,5
transfer,17340,5
transfer,17400,5
transfer,17460,5
transfer,17520,5
transfer,17580,5
transfer,17640,5
transfer,17700,5
transfer,17760,5
transfer,17820,5
transfer,17880,5
transfer,17940,5
transfer,18000,5
transfer,18060,5
transfer,18120,5
transfer,18180,5
transfer,18240,5
transfer,18300,5
transfer,18360,5
transfer,18420,5
transfer,18480,5
transfer,18540,5
transfer,18600,5
transfer,18660,5
transfer,18720,5
transfer,18780,5
transfer,18840,5
transfer,18900,5
transfer,18960,5
transfer,19020,5
transfer,19080,5
transfer,19140,5
transfer,19200,5
transfer,19260,5
transfer,19320,5
transfer,19380,5
transfer,19440,5
transfer,19500,5
transfer,19560,5
transfer,19620,5
transfer,19680,5
transfer,19740,5
transfer,19800,5
transfer,19860,5
transfer,19920,5
transfer,19980,5
transfer,20040,5
transfer,20100,5
transfer,20160,5
transfer,20220,5
transfer,20280,5
transfer,20340,5
transfer,20400,5
transfer,20460,5
transfer,20520,5
transfer,20580,5
transfer,20640,5
transfer,20700,5
transfer,20760,5
transfer,20820,5
transfer,20880,5
transfer,20940,5
transfer,21000,5
transfer,21060,5
transfer,21120,5
transfer,21180,5
transfer,21240,5
transfer,21300,5
transfer,21360,5
transfer,21420,5
transfer,21480,5
transfer,21540,5
transfer,21600,5
transfer,21660,5
transfer,21720,5
transfer,21780,5
transfer,21840,5
transfer,21900,5
transfer,21960,5
transfer,22020,5
transfer,22080,5
transfer,22140,5
transfer,22200,5
transfer,22260,5
transfer,22320,5
transfer,22380,5
transfer,22440,5
transfer,22500,5
transfer,22560,5
transfer,22620,5
transfer,22680,5
transfer,22740,5
transfer,22800,5
transfer,22860,5
transfer,22920,5
transfer,22980,5
transfer,23040,5
transfer,23100,5
transfer,23160,5
transfer,23220,5
transfer,23280,5
transfer,23340,5
transfer,23400,5
transfer,23460,5
transfer,23520,5
transfer,23580,5
transfer,23640,5
transfer,23700,5
transfer,23760,5
transfer,23820,5
transfer,23880,5
transfer,23940,5
transfer,24000,5
transfer,24060,5
transfer,24120,5
transfer,24180,5
transfer,24240,5
transfer,24300,5
transfer,24360,5
transfer,24420,5
transfer,24480,5
transfer,24540,5
transfer,24600,5
transfer,24660,5
transfer,24720,5
transfer,24780,5
transfer,24840,5
transfer,24900,5
transfer,24960,5
transfer,25020,5
transfer,25080,5
transfer,25140,5
transfer,25200,5
transfer,25260,5
transfer,25320,5
transfer,25380,5
transfer,25440,5
transfer,25500,5
transfer,25560,5
transfer,25620,5
transfer,25680,5
transfer,25740,5
transfer,25800,5
transfer,25860,5
transfer,25920,5
transfer,25980,5
transfer,26040,5
transfer,26100,5
transfer,26160,5
transfer,26220,5
transfer,26280,5
transfer,26340,5
transfer,26400,5
transfer,26460,5
transfer,26520,5
transfer,26580,5
transfer,26640,5
transfer,26700,5
transfer,26760,5
transfer,26820,5
transfer,26880,5
transfer,26940,5
transfer,27000,5
transfer,27060,5
transfer,27120,5
transfer,27180,5
transfer,27240,5
transfer,27300,5
transfer,27360,5
transfer,27420,5
transfer,27480,5
transfer,27540,5
transfer,27600,5
transfer,27660,5
transfer,27720,5
transfer,27780,5
transfer,27840,5
transfer,27900,5
transfer,27960,5
transfer,28020,5
transfer,28080,5
transfer,28140,5
transfer,28200,5
transfer,28260,5
transfer,28320,5
transfer,28380,5
transfer,28440,5
transfer,28500,5
transfer,28560,5
transfer,28620,5
transfer,28680,5
transfer,28740,5
transfer,28800,5
transfer,28860,5
transfer,28920,5
transfer,28980,5
transfer,29040,5
transfer,29100,5
transfer,29160,5
transfer,29220,5
transfer,29280,5
transfer,29340,5
transfer,29400,5
transfer,29460,5
transfer,29520,5
transfer,29580,5
transfer,29640,5
transfer,29700,5
transfer,29760,5
transfer,29820,5
transfer,29880,5
transfer,29940,5
transfer,30000,5
transfer,30060,5
transfer,30120,5
transfer,30180,5
transfer,30240,5
